image_path,skin_types
E:\Database\IQA\CID2013\IS1\co1\IS_I_C01_D07.jpg,uncertain
E:\Database\IQA\CID2013\IS1\co1\IS_I_C01_D04.jpg,uncertain
E:\Database\IQA\CID2013\IS1\co1\IS_I_C01_D03.jpg,"[""light""]"
E:\Database\IQA\CID2013\IS1\co1\IS_I_C01_D05.jpg,"[""light""]"
E:\Database\IQA\CID2013\IS1\co1\IS_I_C01_D08.jpg,"[""light""]"
E:\Database\IQA\CID2013\IS1\co1\IS_I_C01_D02.jpg,"[""light""]"
E:\Database\IQA\CID2013\IS1\co1\IS_I_C01_D01.jpg,uncertain
E:\Database\IQA\CID2013\IS1\co1\IS_I_C01_D06.jpg,uncertain
E:\Database\IQA\CID2013\IS1\co1\IS_I_C01_D11.jpg,"[""light""]"
E:\Database\IQA\CID2013\IS1\co1\IS_I_C01_D12.jpg,"[""light""]"
E:\Database\IQA\CID2013\IS1\co1\IS_I_C01_D10.jpg,"[""light""]"
E:\Database\IQA\CID2013\IS1\co1\IS_I_C01_D13.jpg,"[""light""]"
E:\Database\IQA\CID2013\IS1\co1\IS_I_C01_D09.jpg,"[""light""]"
E:\Database\IQA\CID2013\IS1\co2\IS_I_C02_D01.jpg,"[""light""]"
E:\Database\IQA\CID2013\IS1\co2\IS_I_C02_D03.jpg,"[""light""]"
E:\Database\IQA\CID2013\IS1\co1\IS_I_C01_D14.jpg,"[""light""]"
E:\Database\IQA\CID2013\IS1\co2\IS_I_C02_D04.jpg,"[""light""]"
E:\Database\IQA\CID2013\IS1\co2\IS_I_C02_D05.jpg,"[""light""]"
E:\Database\IQA\CID2013\IS1\co2\IS_I_C02_D02.jpg,"[""light""]"
E:\Database\IQA\CID2013\IS1\co2\IS_I_C02_D06.jpg,"[""light""]"
E:\Database\IQA\CID2013\IS1\co2\IS_I_C02_D07.jpg,"[""light""]"
E:\Database\IQA\CID2013\IS1\co2\IS_I_C02_D09.jpg,"[""light""]"
E:\Database\IQA\CID2013\IS1\co2\IS_I_C02_D08.jpg,"[""light""]"
E:\Database\IQA\CID2013\IS1\co2\IS_I_C02_D12.jpg,"[""light""]"
E:\Database\IQA\CID2013\IS1\co2\IS_I_C02_D10.jpg,"[""light""]"
E:\Database\IQA\CID2013\IS1\co2\IS_I_C02_D14.jpg,"[""light""]"
E:\Database\IQA\CID2013\IS1\co2\IS_I_C02_D11.jpg,"[""light""]"
E:\Database\IQA\CID2013\IS1\co3\IS_I_C03_D03.jpg,"[""light""]"
E:\Database\IQA\CID2013\IS1\co3\IS_I_C03_D02.jpg,"[""light""]"
E:\Database\IQA\CID2013\IS1\co3\IS_I_C03_D04.jpg,uncertain
E:\Database\IQA\CID2013\IS1\co2\IS_I_C02_D13.jpg,"[""light""]"
E:\Database\IQA\CID2013\IS1\co3\IS_I_C03_D06.jpg,uncertain
E:\Database\IQA\CID2013\IS1\co3\IS_I_C03_D01.jpg,"[""light""]"
E:\Database\IQA\CID2013\IS1\co3\IS_I_C03_D07.jpg,"[""light""]"
E:\Database\IQA\CID2013\IS1\co3\IS_I_C03_D08.jpg,"[""light""]"
E:\Database\IQA\CID2013\IS1\co3\IS_I_C03_D09.jpg,"[""light""]"
E:\Database\IQA\CID2013\IS1\co3\IS_I_C03_D10.jpg,"[""light""]"
E:\Database\IQA\CID2013\IS1\co3\IS_I_C03_D05.jpg,"[""light""]"
E:\Database\IQA\CID2013\IS1\co3\IS_I_C03_D13.jpg,"[""light""]"
E:\Database\IQA\CID2013\IS1\co3\IS_I_C03_D12.jpg,uncertain
E:\Database\IQA\CID2013\IS1\co4\IS_I_C04_D01.jpg,"[""medium""]"
E:\Database\IQA\CID2013\IS1\co3\IS_I_C03_D14.jpg,"[""light""]"
E:\Database\IQA\CID2013\IS1\co4\IS_I_C04_D03.jpg,"[""medium""]"
E:\Database\IQA\CID2013\IS1\co4\IS_I_C04_D02.jpg,"[""medium""]"
E:\Database\IQA\CID2013\IS1\co4\IS_I_C04_D07.jpg,"[""medium""]"
E:\Database\IQA\CID2013\IS1\co3\IS_I_C03_D11.jpg,"[""light""]"
E:\Database\IQA\CID2013\IS1\co4\IS_I_C04_D06.jpg,"[""medium""]"
E:\Database\IQA\CID2013\IS1\co4\IS_I_C04_D05.jpg,"[""light""]"
E:\Database\IQA\CID2013\IS1\co4\IS_I_C04_D04.jpg,"[""medium""]"
E:\Database\IQA\CID2013\IS1\co4\IS_I_C04_D09.jpg,"[""medium""]"
E:\Database\IQA\CID2013\IS1\co4\IS_I_C04_D10.jpg,"[""medium""]"
E:\Database\IQA\CID2013\IS1\co4\IS_I_C04_D13.jpg,"[""medium""]"
E:\Database\IQA\CID2013\IS1\co4\IS_I_C04_D11.jpg,"[""medium""]"
E:\Database\IQA\CID2013\IS1\co4\IS_I_C04_D08.jpg,"[""medium""]"
E:\Database\IQA\CID2013\IS1\co4\IS_I_C04_D12.jpg,"[""medium""]"
E:\Database\IQA\CID2013\IS1\co5\IS_I_C05_D03.jpg,"[""light""]"
E:\Database\IQA\CID2013\IS1\co5\IS_I_C05_D02.jpg,"[""light""]"
E:\Database\IQA\CID2013\IS1\co5\IS_I_C05_D01.jpg,"[""light""]"
E:\Database\IQA\CID2013\IS1\co5\IS_I_C05_D04.jpg,"[""light""]"
E:\Database\IQA\CID2013\IS1\co5\IS_I_C05_D05.jpg,"[""light""]"
E:\Database\IQA\CID2013\IS1\co5\IS_I_C05_D07.jpg,"[""light""]"
E:\Database\IQA\CID2013\IS1\co4\IS_I_C04_D14.jpg,"[""medium""]"
E:\Database\IQA\CID2013\IS1\co5\IS_I_C05_D08.jpg,"[""light""]"
E:\Database\IQA\CID2013\IS1\co5\IS_I_C05_D09.jpg,"[""light""]"
E:\Database\IQA\CID2013\IS1\co5\IS_I_C05_D06.jpg,"[""light""]"
E:\Database\IQA\CID2013\IS1\co5\IS_I_C05_D12.jpg,"[""light""]"
E:\Database\IQA\CID2013\IS1\co5\IS_I_C05_D10.jpg,"[""light""]"
E:\Database\IQA\CID2013\IS2\co1\IS_II_C01_D01.jpg,uncertain
E:\Database\IQA\CID2013\IS1\co5\IS_I_C05_D13.jpg,"[""light""]"
E:\Database\IQA\CID2013\IS1\co5\IS_I_C05_D11.jpg,"[""light""]"
E:\Database\IQA\CID2013\IS2\co1\IS_II_C01_D03.jpg,"[""light""]"
E:\Database\IQA\CID2013\IS2\co1\IS_II_C01_D02.jpg,"[""light""]"
E:\Database\IQA\CID2013\IS1\co5\IS_I_C05_D14.jpg,"[""light""]"
E:\Database\IQA\CID2013\IS2\co1\IS_II_C01_D04.jpg,"[""light""]"
E:\Database\IQA\CID2013\IS2\co1\IS_II_C01_D06.jpg,"[""light""]"
E:\Database\IQA\CID2013\IS2\co1\IS_II_C01_D05.jpg,"[""light""]"
E:\Database\IQA\CID2013\IS2\co1\IS_II_C01_D07.jpg,"[""light""]"
E:\Database\IQA\CID2013\IS2\co1\IS_II_C01_D08.jpg,"[""light""]"
E:\Database\IQA\CID2013\IS2\co1\IS_II_C01_D10.jpg,"[""light""]"
E:\Database\IQA\CID2013\IS2\co1\IS_II_C01_D09.jpg,"[""light""]"
E:\Database\IQA\CID2013\IS2\co1\IS_II_C01_D11.jpg,"[""light""]"
E:\Database\IQA\CID2013\IS2\co1\IS_II_C01_D12.jpg,"[""light""]"
E:\Database\IQA\CID2013\IS2\co2\IS_II_C02_D01.jpg,"[""light""]"
E:\Database\IQA\CID2013\IS2\co2\IS_II_C02_D03.jpg,"[""light""]"
E:\Database\IQA\CID2013\IS2\co2\IS_II_C02_D02.jpg,"[""light""]"
E:\Database\IQA\CID2013\IS2\co1\IS_II_C01_D13.jpg,"[""light""]"
E:\Database\IQA\CID2013\IS2\co2\IS_II_C02_D05.jpg,"[""light""]"
E:\Database\IQA\CID2013\IS2\co2\IS_II_C02_D06.jpg,"[""light""]"
E:\Database\IQA\CID2013\IS2\co2\IS_II_C02_D04.jpg,"[""light""]"
E:\Database\IQA\CID2013\IS2\co2\IS_II_C02_D07.jpg,"[""light""]"
E:\Database\IQA\CID2013\IS2\co2\IS_II_C02_D11.jpg,"[""light""]"
E:\Database\IQA\CID2013\IS2\co2\IS_II_C02_D09.jpg,"[""light""]"
E:\Database\IQA\CID2013\IS2\co2\IS_II_C02_D08.jpg,"[""light""]"
E:\Database\IQA\CID2013\IS2\co2\IS_II_C02_D13.jpg,"[""light""]"
E:\Database\IQA\CID2013\IS2\co2\IS_II_C02_D12.jpg,"[""light""]"
E:\Database\IQA\CID2013\IS2\co2\IS_II_C02_D10.jpg,"[""light""]"
E:\Database\IQA\CID2013\IS2\co3\IS_II_C03_D01.jpg,"[""light""]"
E:\Database\IQA\CID2013\IS2\co3\IS_II_C03_D03.jpg,"[""light""]"
E:\Database\IQA\CID2013\IS2\co3\IS_II_C03_D02.jpg,"[""light""]"
E:\Database\IQA\CID2013\IS2\co3\IS_II_C03_D04.jpg,uncertain
E:\Database\IQA\CID2013\IS2\co3\IS_II_C03_D06.jpg,"[""light""]"
E:\Database\IQA\CID2013\IS2\co3\IS_II_C03_D09.jpg,"[""light""]"
E:\Database\IQA\CID2013\IS2\co3\IS_II_C03_D05.jpg,uncertain
E:\Database\IQA\CID2013\IS2\co3\IS_II_C03_D07.jpg,"[""light""]"
E:\Database\IQA\CID2013\IS2\co3\IS_II_C03_D08.jpg,"[""light""]"
E:\Database\IQA\CID2013\IS2\co3\IS_II_C03_D11.jpg,"[""light""]"
E:\Database\IQA\CID2013\IS2\co3\IS_II_C03_D12.jpg,"[""light""]"
E:\Database\IQA\CID2013\IS2\co3\IS_II_C03_D10.jpg,uncertain
E:\Database\IQA\CID2013\IS2\co3\IS_II_C03_D13.jpg,"[""light""]"
E:\Database\IQA\CID2013\IS2\co4\IS_II_C04_D02.jpg,"[""medium""]"
E:\Database\IQA\CID2013\IS2\co4\IS_II_C04_D01.jpg,"[""medium""]"
E:\Database\IQA\CID2013\IS2\co4\IS_II_C04_D07.jpg,"[""medium""]"
E:\Database\IQA\CID2013\IS2\co4\IS_II_C04_D06.jpg,"[""medium""]"
E:\Database\IQA\CID2013\IS2\co4\IS_II_C04_D05.jpg,"[""light""]"
E:\Database\IQA\CID2013\IS2\co4\IS_II_C04_D04.jpg,"[""medium""]"
E:\Database\IQA\CID2013\IS2\co4\IS_II_C04_D08.jpg,"[""medium""]"
E:\Database\IQA\CID2013\IS2\co4\IS_II_C04_D03.jpg,"[""medium""]"
E:\Database\IQA\CID2013\IS2\co4\IS_II_C04_D09.jpg,"[""medium""]"
E:\Database\IQA\CID2013\IS2\co4\IS_II_C04_D10.jpg,"[""medium""]"
E:\Database\IQA\CID2013\IS2\co4\IS_II_C04_D11.jpg,"[""medium""]"
E:\Database\IQA\CID2013\IS2\co4\IS_II_C04_D12.jpg,"[""medium""]"
E:\Database\IQA\CID2013\IS2\co5\IS_II_C05_D01.jpg,"[""light""]"
E:\Database\IQA\CID2013\IS2\co5\IS_II_C05_D02.jpg,"[""light""]"
E:\Database\IQA\CID2013\IS2\co5\IS_II_C05_D05.jpg,"[""light""]"
E:\Database\IQA\CID2013\IS2\co5\IS_II_C05_D03.jpg,"[""light""]"
E:\Database\IQA\CID2013\IS2\co5\IS_II_C05_D04.jpg,"[""light""]"
E:\Database\IQA\CID2013\IS2\co4\IS_II_C04_D13.jpg,"[""medium""]"
E:\Database\IQA\CID2013\IS2\co5\IS_II_C05_D06.jpg,"[""light""]"
E:\Database\IQA\CID2013\IS2\co5\IS_II_C05_D07.jpg,"[""light""]"
E:\Database\IQA\CID2013\IS2\co5\IS_II_C05_D10.jpg,"[""light""]"
E:\Database\IQA\CID2013\IS2\co5\IS_II_C05_D09.jpg,"[""light""]"
E:\Database\IQA\CID2013\IS2\co5\IS_II_C05_D08.jpg,"[""light""]"
E:\Database\IQA\CID2013\IS2\co5\IS_II_C05_D12.jpg,"[""light""]"
E:\Database\IQA\CID2013\IS3\co1\IS_III_C01_D01.jpg,"[""light""]"
E:\Database\IQA\CID2013\IS2\co5\IS_II_C05_D11.jpg,"[""light""]"
E:\Database\IQA\CID2013\IS2\co5\IS_II_C05_D13.jpg,"[""light""]"
E:\Database\IQA\CID2013\IS3\co1\IS_III_C01_D02.jpg,"[""light""]"
E:\Database\IQA\CID2013\IS3\co1\IS_III_C01_D08.jpg,"[""light""]"
E:\Database\IQA\CID2013\IS3\co1\IS_III_C01_D03.jpg,"[""light""]"
E:\Database\IQA\CID2013\IS3\co1\IS_III_C01_D06.jpg,"[""light""]"
E:\Database\IQA\CID2013\IS3\co1\IS_III_C01_D09.jpg,"[""light""]"
E:\Database\IQA\CID2013\IS3\co1\IS_III_C01_D04.jpg,"[""light""]"
E:\Database\IQA\CID2013\IS3\co1\IS_III_C01_D07.jpg,"[""light""]"
E:\Database\IQA\CID2013\IS3\co1\IS_III_C01_D12.jpg,"[""light""]"
E:\Database\IQA\CID2013\IS3\co1\IS_III_C01_D11.jpg,"[""light""]"
E:\Database\IQA\CID2013\IS3\co1\IS_III_C01_D13.jpg,"[""light""]"
E:\Database\IQA\CID2013\IS3\co2\IS_III_C02_D03.jpg,"[""light""]"
E:\Database\IQA\CID2013\IS3\co2\IS_III_C02_D04.jpg,"[""light""]"
E:\Database\IQA\CID2013\IS3\co2\IS_III_C02_D01.jpg,"[""light""]"
E:\Database\IQA\CID2013\IS3\co2\IS_III_C02_D02.jpg,"[""light""]"
E:\Database\IQA\CID2013\IS3\co2\IS_III_C02_D05.jpg,"[""light""]"
E:\Database\IQA\CID2013\IS3\co2\IS_III_C02_D06.jpg,"[""light""]"
E:\Database\IQA\CID2013\IS3\co2\IS_III_C02_D07.jpg,"[""light""]"
E:\Database\IQA\CID2013\IS3\co2\IS_III_C02_D08.jpg,"[""light""]"
E:\Database\IQA\CID2013\IS3\co2\IS_III_C02_D10.jpg,"[""light""]"
E:\Database\IQA\CID2013\IS3\co2\IS_III_C02_D11.jpg,"[""light""]"
E:\Database\IQA\CID2013\IS3\co2\IS_III_C02_D13.jpg,"[""light""]"
E:\Database\IQA\CID2013\IS3\co2\IS_III_C02_D09.jpg,"[""light""]"
E:\Database\IQA\CID2013\IS3\co2\IS_III_C02_D12.jpg,"[""light""]"
E:\Database\IQA\CID2013\IS3\co3\IS_III_C03_D03.jpg,"[""light""]"
E:\Database\IQA\CID2013\IS3\co3\IS_III_C03_D01.jpg,"[""light""]"
E:\Database\IQA\CID2013\IS3\co3\IS_III_C03_D02.jpg,"[""light""]"
E:\Database\IQA\CID2013\IS3\co3\IS_III_C03_D10.jpg,uncertain
E:\Database\IQA\CID2013\IS3\co3\IS_III_C03_D05.jpg,uncertain
E:\Database\IQA\CID2013\IS3\co3\IS_III_C03_D09.jpg,"[""light""]"
E:\Database\IQA\CID2013\IS3\co3\IS_III_C03_D04.jpg,"[""light"", ""medium""]"
E:\Database\IQA\CID2013\IS3\co3\IS_III_C03_D08.jpg,"[""light""]"
E:\Database\IQA\CID2013\IS3\co3\IS_III_C03_D11.jpg,"[""light""]"
E:\Database\IQA\CID2013\IS3\co3\IS_III_C03_D07.jpg,"[""light""]"
E:\Database\IQA\CID2013\IS3\co3\IS_III_C03_D06.jpg,uncertain
E:\Database\IQA\CID2013\IS3\co3\IS_III_C03_D13.jpg,"[""light""]"
E:\Database\IQA\CID2013\IS3\co3\IS_III_C03_D12.jpg,"[""light""]"
E:\Database\IQA\CID2013\IS3\co4\IS_III_C04_D03.jpg,"[""medium""]"
E:\Database\IQA\CID2013\IS3\co4\IS_III_C04_D04.jpg,"[""medium""]"
E:\Database\IQA\CID2013\IS3\co4\IS_III_C04_D02.jpg,"[""medium""]"
E:\Database\IQA\CID2013\IS3\co4\IS_III_C04_D01.jpg,"[""medium""]"
E:\Database\IQA\CID2013\IS3\co4\IS_III_C04_D05.jpg,"[""medium""]"
E:\Database\IQA\CID2013\IS3\co4\IS_III_C04_D08.jpg,"[""medium""]"
E:\Database\IQA\CID2013\IS3\co4\IS_III_C04_D06.jpg,"[""light""]"
E:\Database\IQA\CID2013\IS3\co4\IS_III_C04_D07.jpg,"[""medium""]"
E:\Database\IQA\CID2013\IS3\co4\IS_III_C04_D11.jpg,"[""medium""]"
E:\Database\IQA\CID2013\IS3\co4\IS_III_C04_D09.jpg,"[""medium""]"
E:\Database\IQA\CID2013\IS3\co4\IS_III_C04_D13.jpg,"[""medium""]"
E:\Database\IQA\CID2013\IS3\co5\IS_III_C05_D01.jpg,"[""light""]"
E:\Database\IQA\CID2013\IS3\co4\IS_III_C04_D12.jpg,"[""medium""]"
E:\Database\IQA\CID2013\IS3\co5\IS_III_C05_D02.jpg,"[""light""]"
E:\Database\IQA\CID2013\IS3\co4\IS_III_C04_D10.jpg,"[""light""]"
E:\Database\IQA\CID2013\IS3\co5\IS_III_C05_D04.jpg,"[""light""]"
E:\Database\IQA\CID2013\IS3\co5\IS_III_C05_D03.jpg,"[""light""]"
E:\Database\IQA\CID2013\IS3\co5\IS_III_C05_D05.jpg,"[""light""]"
E:\Database\IQA\CID2013\IS3\co5\IS_III_C05_D07.jpg,"[""light""]"
E:\Database\IQA\CID2013\IS3\co5\IS_III_C05_D06.jpg,"[""light""]"
E:\Database\IQA\CID2013\IS3\co5\IS_III_C05_D09.jpg,"[""light""]"
E:\Database\IQA\CID2013\IS3\co5\IS_III_C05_D08.jpg,"[""light""]"
E:\Database\IQA\CID2013\IS3\co5\IS_III_C05_D12.jpg,"[""light""]"
E:\Database\IQA\CID2013\IS3\co5\IS_III_C05_D11.jpg,"[""light""]"
E:\Database\IQA\CID2013\IS3\co5\IS_III_C05_D13.jpg,"[""light""]"
E:\Database\IQA\CID2013\IS4\co1\IS_IV_C01_D01.jpg,"[""light""]"
E:\Database\IQA\CID2013\IS4\co1\IS_IV_C01_D02.jpg,"[""light""]"
E:\Database\IQA\CID2013\IS3\co5\IS_III_C05_D10.jpg,"[""light""]"
E:\Database\IQA\CID2013\IS4\co1\IS_IV_C01_D03.jpg,"[""light""]"
E:\Database\IQA\CID2013\IS4\co1\IS_IV_C01_D04.jpg,"[""light""]"
E:\Database\IQA\CID2013\IS4\co1\IS_IV_C01_D08.jpg,"[""light""]"
E:\Database\IQA\CID2013\IS4\co1\IS_IV_C01_D06.jpg,"[""light""]"
E:\Database\IQA\CID2013\IS4\co1\IS_IV_C01_D05.jpg,"[""light""]"
E:\Database\IQA\CID2013\IS4\co1\IS_IV_C01_D07.jpg,"[""light""]"
E:\Database\IQA\CID2013\IS4\co1\IS_IV_C01_D10.jpg,"[""light""]"
E:\Database\IQA\CID2013\IS4\co1\IS_IV_C01_D09.jpg,"[""light""]"
E:\Database\IQA\CID2013\IS4\co1\IS_IV_C01_D13.jpg,"[""light""]"
E:\Database\IQA\CID2013\IS4\co1\IS_IV_C01_D11.jpg,"[""light""]"
E:\Database\IQA\CID2013\IS4\co2\IS_IV_C02_D01.jpg,"[""light""]"
E:\Database\IQA\CID2013\IS4\co2\IS_IV_C02_D03.jpg,"[""light""]"
E:\Database\IQA\CID2013\IS4\co2\IS_IV_C02_D02.jpg,"[""light""]"
E:\Database\IQA\CID2013\IS4\co2\IS_IV_C02_D05.jpg,"[""light""]"
E:\Database\IQA\CID2013\IS4\co2\IS_IV_C02_D06.jpg,"[""light""]"
E:\Database\IQA\CID2013\IS4\co2\IS_IV_C02_D04.jpg,"[""light""]"
E:\Database\IQA\CID2013\IS4\co2\IS_IV_C02_D07.jpg,"[""light""]"
E:\Database\IQA\CID2013\IS4\co2\IS_IV_C02_D08.jpg,"[""light""]"
E:\Database\IQA\CID2013\IS4\co2\IS_IV_C02_D09.jpg,"[""light""]"
E:\Database\IQA\CID2013\IS4\co2\IS_IV_C02_D12.jpg,"[""light""]"
E:\Database\IQA\CID2013\IS4\co2\IS_IV_C02_D10.jpg,"[""light""]"
E:\Database\IQA\CID2013\IS4\co2\IS_IV_C02_D11.jpg,"[""light""]"
E:\Database\IQA\CID2013\IS4\co2\IS_IV_C02_D13.jpg,"[""light""]"
E:\Database\IQA\CID2013\IS4\co3\IS_IV_C03_D01.jpg,"[""light""]"
E:\Database\IQA\CID2013\IS4\co3\IS_IV_C03_D02.jpg,"[""light""]"
E:\Database\IQA\CID2013\IS4\co3\IS_IV_C03_D04.jpg,"[""light""]"
E:\Database\IQA\CID2013\IS4\co3\IS_IV_C03_D05.jpg,"[""light""]"
E:\Database\IQA\CID2013\IS4\co3\IS_IV_C03_D06.jpg,"[""light""]"
E:\Database\IQA\CID2013\IS4\co3\IS_IV_C03_D07.jpg,"[""light""]"
E:\Database\IQA\CID2013\IS4\co3\IS_IV_C03_D03.jpg,"[""light""]"
E:\Database\IQA\CID2013\IS4\co3\IS_IV_C03_D08.jpg,uncertain
E:\Database\IQA\CID2013\IS4\co3\IS_IV_C03_D10.jpg,"[""light""]"
E:\Database\IQA\CID2013\IS4\co3\IS_IV_C03_D11.jpg,"[""light""]"
E:\Database\IQA\CID2013\IS4\co3\IS_IV_C03_D09.jpg,"[""light""]"
E:\Database\IQA\CID2013\IS4\co3\IS_IV_C03_D13.jpg,"[""light""]"
E:\Database\IQA\CID2013\IS4\co3\IS_IV_C03_D12.jpg,uncertain
E:\Database\IQA\CID2013\IS4\co4\IS_IV_C04_D01.jpg,"[""medium""]"
E:\Database\IQA\CID2013\IS4\co4\IS_IV_C04_D02.jpg,"[""medium""]"
E:\Database\IQA\CID2013\IS4\co4\IS_IV_C04_D04.jpg,"[""medium""]"
E:\Database\IQA\CID2013\IS4\co4\IS_IV_C04_D05.jpg,"[""medium""]"
E:\Database\IQA\CID2013\IS4\co4\IS_IV_C04_D07.jpg,"[""medium""]"
E:\Database\IQA\CID2013\IS4\co4\IS_IV_C04_D03.jpg,"[""medium""]"
E:\Database\IQA\CID2013\IS4\co4\IS_IV_C04_D09.jpg,"[""medium""]"
E:\Database\IQA\CID2013\IS4\co4\IS_IV_C04_D06.jpg,"[""medium""]"
E:\Database\IQA\CID2013\IS4\co4\IS_IV_C04_D08.jpg,"[""medium""]"
E:\Database\IQA\CID2013\IS4\co4\IS_IV_C04_D10.jpg,"[""light""]"
E:\Database\IQA\CID2013\IS4\co5\IS_IV_C05_D01.jpg,"[""light""]"
E:\Database\IQA\CID2013\IS4\co4\IS_IV_C04_D12.jpg,"[""medium""]"
E:\Database\IQA\CID2013\IS4\co5\IS_IV_C05_D02.jpg,"[""light""]"
E:\Database\IQA\CID2013\IS4\co4\IS_IV_C04_D11.jpg,"[""medium""]"
E:\Database\IQA\CID2013\IS4\co4\IS_IV_C04_D13.jpg,"[""light""]"
E:\Database\IQA\CID2013\IS4\co5\IS_IV_C05_D03.jpg,"[""light""]"
E:\Database\IQA\CID2013\IS4\co5\IS_IV_C05_D05.jpg,"[""light""]"
E:\Database\IQA\CID2013\IS4\co5\IS_IV_C05_D07.jpg,"[""light""]"
E:\Database\IQA\CID2013\IS4\co5\IS_IV_C05_D09.jpg,"[""light""]"
E:\Database\IQA\CID2013\IS4\co5\IS_IV_C05_D04.jpg,"[""light""]"
E:\Database\IQA\CID2013\IS4\co5\IS_IV_C05_D10.jpg,"[""light""]"
E:\Database\IQA\CID2013\IS4\co5\IS_IV_C05_D08.jpg,"[""light""]"
E:\Database\IQA\CID2013\IS4\co5\IS_IV_C05_D11.jpg,"[""light""]"
E:\Database\IQA\CID2013\IS5\co1\IS_V_C01_D03.jpg,"[""light""]"
E:\Database\IQA\CID2013\IS4\co5\IS_IV_C05_D06.jpg,"[""light""]"
E:\Database\IQA\CID2013\IS4\co5\IS_IV_C05_D12.jpg,"[""light""]"
E:\Database\IQA\CID2013\IS5\co1\IS_V_C01_D01.jpg,"[""light""]"
E:\Database\IQA\CID2013\IS5\co1\IS_V_C01_D02.jpg,"[""light""]"
E:\Database\IQA\CID2013\IS5\co1\IS_V_C01_D04.jpg,"[""light""]"
E:\Database\IQA\CID2013\IS4\co5\IS_IV_C05_D13.jpg,"[""light""]"
E:\Database\IQA\CID2013\IS5\co1\IS_V_C01_D05.jpg,uncertain
E:\Database\IQA\CID2013\IS5\co1\IS_V_C01_D06.jpg,"[""light""]"
E:\Database\IQA\CID2013\IS5\co1\IS_V_C01_D07.jpg,"[""light""]"
E:\Database\IQA\CID2013\IS5\co1\IS_V_C01_D09.jpg,"[""light""]"
E:\Database\IQA\CID2013\IS5\co1\IS_V_C01_D08.jpg,uncertain
E:\Database\IQA\CID2013\IS5\co1\IS_V_C01_D12.jpg,uncertain
E:\Database\IQA\CID2013\IS5\co1\IS_V_C01_D10.jpg,uncertain
E:\Database\IQA\CID2013\IS5\co1\IS_V_C01_D11.jpg,"[""light""]"
E:\Database\IQA\CID2013\IS5\co2\IS_V_C02_D03.jpg,"[""light""]"
E:\Database\IQA\CID2013\IS5\co2\IS_V_C02_D01.jpg,"[""light""]"
E:\Database\IQA\CID2013\IS5\co2\IS_V_C02_D02.jpg,"[""light""]"
E:\Database\IQA\CID2013\IS5\co2\IS_V_C02_D04.jpg,"[""light""]"
E:\Database\IQA\CID2013\IS5\co2\IS_V_C02_D05.jpg,"[""light""]"
E:\Database\IQA\CID2013\IS5\co2\IS_V_C02_D06.jpg,"[""light""]"
E:\Database\IQA\CID2013\IS5\co2\IS_V_C02_D07.jpg,"[""light""]"
E:\Database\IQA\CID2013\IS5\co2\IS_V_C02_D10.jpg,"[""light""]"
E:\Database\IQA\CID2013\IS5\co2\IS_V_C02_D08.jpg,"[""light""]"
E:\Database\IQA\CID2013\IS5\co2\IS_V_C02_D12.jpg,"[""light""]"
E:\Database\IQA\CID2013\IS5\co2\IS_V_C02_D11.jpg,"[""light""]"
E:\Database\IQA\CID2013\IS5\co2\IS_V_C02_D09.jpg,"[""light""]"
E:\Database\IQA\CID2013\IS5\co3\IS_V_C03_D01.jpg,"[""light""]"
E:\Database\IQA\CID2013\IS5\co3\IS_V_C03_D04.jpg,"[""light""]"
E:\Database\IQA\CID2013\IS5\co3\IS_V_C03_D02.jpg,"[""light""]"
E:\Database\IQA\CID2013\IS5\co3\IS_V_C03_D03.jpg,"[""light""]"
E:\Database\IQA\CID2013\IS5\co3\IS_V_C03_D05.jpg,uncertain
E:\Database\IQA\CID2013\IS5\co3\IS_V_C03_D06.jpg,"[""light""]"
E:\Database\IQA\CID2013\IS5\co3\IS_V_C03_D08.jpg,"[""light""]"
E:\Database\IQA\CID2013\IS5\co3\IS_V_C03_D07.jpg,"[""light""]"
E:\Database\IQA\CID2013\IS5\co3\IS_V_C03_D09.jpg,"[""light""]"
E:\Database\IQA\CID2013\IS5\co3\IS_V_C03_D10.jpg,uncertain
E:\Database\IQA\CID2013\IS5\co3\IS_V_C03_D11.jpg,"[""light""]"
E:\Database\IQA\CID2013\IS5\co5\IS_V_C05_D01.jpg,"[""light""]"
E:\Database\IQA\CID2013\IS5\co3\IS_V_C03_D12.jpg,"[""light""]"
E:\Database\IQA\CID2013\IS5\co5\IS_V_C05_D02.jpg,"[""light""]"
E:\Database\IQA\CID2013\IS5\co5\IS_V_C05_D03.jpg,"[""light""]"
E:\Database\IQA\CID2013\IS5\co5\IS_V_C05_D07.jpg,"[""light""]"
E:\Database\IQA\CID2013\IS5\co5\IS_V_C05_D08.jpg,"[""light""]"
E:\Database\IQA\CID2013\IS5\co5\IS_V_C05_D04.jpg,"[""light""]"
E:\Database\IQA\CID2013\IS5\co5\IS_V_C05_D06.jpg,"[""light""]"
E:\Database\IQA\CID2013\IS5\co5\IS_V_C05_D05.jpg,"[""light""]"
E:\Database\IQA\CID2013\IS5\co5\IS_V_C05_D10.jpg,"[""light""]"
E:\Database\IQA\CID2013\IS5\co5\IS_V_C05_D09.jpg,"[""light""]"
E:\Database\IQA\CID2013\IS5\co5\IS_V_C05_D11.jpg,"[""light""]"
E:\Database\IQA\CID2013\IS5\co5\IS_V_C05_D12.jpg,"[""light""]"
E:\Database\IQA\CID2013\IS5\co8\IS_V_C08_D01.jpg,"[""light""]"
E:\Database\IQA\CID2013\IS5\co8\IS_V_C08_D04.jpg,"[""light""]"
E:\Database\IQA\CID2013\IS5\co8\IS_V_C08_D03.jpg,"[""light""]"
E:\Database\IQA\CID2013\IS5\co8\IS_V_C08_D07.jpg,"[""light""]"
E:\Database\IQA\CID2013\IS5\co8\IS_V_C08_D06.jpg,"[""light""]"
E:\Database\IQA\CID2013\IS5\co8\IS_V_C08_D05.jpg,uncertain
E:\Database\IQA\CID2013\IS5\co8\IS_V_C08_D10.jpg,"[""light""]"
E:\Database\IQA\CID2013\IS5\co8\IS_V_C08_D02.jpg,"[""light""]"
E:\Database\IQA\CID2013\IS5\co8\IS_V_C08_D09.jpg,"[""light""]"
E:\Database\IQA\CID2013\IS5\co8\IS_V_C08_D11.jpg,"[""light""]"
E:\Database\IQA\CID2013\IS5\co8\IS_V_C08_D12.jpg,uncertain
E:\Database\IQA\CID2013\IS6\co1\IS_VI_C01_D01.jpg,uncertain
E:\Database\IQA\CID2013\IS6\co1\IS_VI_C01_D03.jpg,uncertain
E:\Database\IQA\CID2013\IS6\co1\IS_VI_C01_D02.jpg,"[""light""]"
E:\Database\IQA\CID2013\IS6\co1\IS_VI_C01_D06.jpg,"[""light""]"
E:\Database\IQA\CID2013\IS6\co1\IS_VI_C01_D05.jpg,"[""light""]"
E:\Database\IQA\CID2013\IS6\co1\IS_VI_C01_D04.jpg,"[""light""]"
E:\Database\IQA\CID2013\IS6\co1\IS_VI_C01_D07.jpg,"[""light""]"
E:\Database\IQA\CID2013\IS6\co1\IS_VI_C01_D08.jpg,"[""light""]"
E:\Database\IQA\CID2013\IS6\co1\IS_VI_C01_D10.jpg,"[""light""]"
E:\Database\IQA\CID2013\IS6\co1\IS_VI_C01_D09.jpg,"[""light""]"
E:\Database\IQA\CID2013\IS6\co1\IS_VI_C01_D11.jpg,"[""light""]"
E:\Database\IQA\CID2013\IS6\co1\IS_VI_C01_D12.jpg,"[""light""]"
E:\Database\IQA\CID2013\IS6\co2\IS_VI_C02_D01.jpg,"[""light""]"
E:\Database\IQA\CID2013\IS6\co2\IS_VI_C02_D02.jpg,"[""light""]"
E:\Database\IQA\CID2013\IS6\co1\IS_VI_C01_D13.jpg,"[""light""]"
E:\Database\IQA\CID2013\IS6\co2\IS_VI_C02_D03.jpg,"[""light""]"
E:\Database\IQA\CID2013\IS6\co2\IS_VI_C02_D04.jpg,"[""light""]"
E:\Database\IQA\CID2013\IS6\co2\IS_VI_C02_D05.jpg,"[""light""]"
E:\Database\IQA\CID2013\IS6\co2\IS_VI_C02_D06.jpg,"[""light""]"
E:\Database\IQA\CID2013\IS6\co2\IS_VI_C02_D07.jpg,"[""light""]"
E:\Database\IQA\CID2013\IS6\co2\IS_VI_C02_D08.jpg,"[""light""]"
E:\Database\IQA\CID2013\IS6\co2\IS_VI_C02_D10.jpg,"[""light""]"
E:\Database\IQA\CID2013\IS6\co2\IS_VI_C02_D09.jpg,"[""light""]"
E:\Database\IQA\CID2013\IS6\co2\IS_VI_C02_D11.jpg,"[""light""]"
E:\Database\IQA\CID2013\IS6\co2\IS_VI_C02_D13.jpg,"[""light""]"
E:\Database\IQA\CID2013\IS6\co2\IS_VI_C02_D12.jpg,"[""light""]"
E:\Database\IQA\CID2013\IS6\co3\IS_VI_C03_D01.jpg,"[""light""]"
E:\Database\IQA\CID2013\IS6\co3\IS_VI_C03_D03.jpg,uncertain
E:\Database\IQA\CID2013\IS6\co3\IS_VI_C03_D02.jpg,"[""light""]"
E:\Database\IQA\CID2013\IS6\co3\IS_VI_C03_D04.jpg,"[""light""]"
E:\Database\IQA\CID2013\IS6\co2\IS_VI_C02_D14.jpg,"[""light""]"
E:\Database\IQA\CID2013\IS6\co3\IS_VI_C03_D05.jpg,"[""light""]"
E:\Database\IQA\CID2013\IS6\co3\IS_VI_C03_D08.jpg,"[""light""]"
E:\Database\IQA\CID2013\IS6\co3\IS_VI_C03_D06.jpg,"[""light""]"
E:\Database\IQA\CID2013\IS6\co3\IS_VI_C03_D07.jpg,"[""light""]"
E:\Database\IQA\CID2013\IS6\co3\IS_VI_C03_D10.jpg,"[""light""]"
E:\Database\IQA\CID2013\IS6\co3\IS_VI_C03_D09.jpg,"[""light""]"
E:\Database\IQA\CID2013\IS6\co3\IS_VI_C03_D12.jpg,"[""light""]"
E:\Database\IQA\CID2013\IS6\co3\IS_VI_C03_D14.jpg,uncertain
E:\Database\IQA\CID2013\IS6\co3\IS_VI_C03_D11.jpg,"[""light""]"
E:\Database\IQA\CID2013\IS6\co3\IS_VI_C03_D13.jpg,"[""light""]"
E:\Database\IQA\CID2013\IS6\co7\IS_VI_C07_D02.jpg,"[""light""]"
E:\Database\IQA\CID2013\IS6\co7\IS_VI_C07_D04.jpg,"[""light""]"
E:\Database\IQA\CID2013\IS6\co7\IS_VI_C07_D03.jpg,"[""light""]"
E:\Database\IQA\CID2013\IS6\co7\IS_VI_C07_D05.jpg,"[""light""]"
E:\Database\IQA\CID2013\IS6\co7\IS_VI_C07_D01.jpg,"[""light""]"
E:\Database\IQA\CID2013\IS6\co7\IS_VI_C07_D06.jpg,"[""light""]"
E:\Database\IQA\CID2013\IS6\co7\IS_VI_C07_D07.jpg,"[""light""]"
E:\Database\IQA\CID2013\IS6\co7\IS_VI_C07_D08.jpg,"[""light""]"
E:\Database\IQA\CID2013\IS6\co7\IS_VI_C07_D09.jpg,"[""light""]"
E:\Database\IQA\CID2013\IS6\co7\IS_VI_C07_D12.jpg,"[""light""]"
E:\Database\IQA\CID2013\IS6\co7\IS_VI_C07_D10.jpg,"[""light""]"
E:\Database\IQA\CID2013\IS6\co7\IS_VI_C07_D11.jpg,"[""light""]"
E:\Database\IQA\CID2013\IS6\co7\IS_VI_C07_D13.jpg,"[""light""]"
E:\Database\IQA\CID2013\IS6\co7\IS_VI_C07_D14.jpg,"[""light""]"
E:\Database\IQA\CID2013\IS6\co8\IS_VI_C08_D02.jpg,"[""light""]"
E:\Database\IQA\CID2013\IS6\co8\IS_VI_C08_D03.jpg,"[""light""]"
E:\Database\IQA\CID2013\IS6\co8\IS_VI_C08_D05.jpg,"[""light""]"
E:\Database\IQA\CID2013\IS6\co8\IS_VI_C08_D01.jpg,"[""light""]"
E:\Database\IQA\CID2013\IS6\co8\IS_VI_C08_D04.jpg,"[""light""]"
E:\Database\IQA\CID2013\IS6\co8\IS_VI_C08_D06.jpg,"[""light""]"
E:\Database\IQA\CID2013\IS6\co8\IS_VI_C08_D07.jpg,"[""light""]"
E:\Database\IQA\CID2013\IS6\co8\IS_VI_C08_D08.jpg,"[""light""]"
E:\Database\IQA\CID2013\IS6\co8\IS_VI_C08_D12.jpg,"[""light""]"
E:\Database\IQA\CID2013\IS6\co8\IS_VI_C08_D10.jpg,"[""light""]"
E:\Database\IQA\CID2013\IS6\co8\IS_VI_C08_D09.jpg,"[""light""]"
E:\Database\IQA\CID2013\IS6\co8\IS_VI_C08_D14.jpg,"[""light""]"
E:\Database\IQA\CID2013\IS6\co8\IS_VI_C08_D11.jpg,"[""light""]"
E:\Database\IQA\CID2013\IS6\co8\IS_VI_C08_D13.jpg,"[""light""]"
